--
-- PostgreSQL database dump
--

-- Dumped from database version 11.7 (Debian 11.7-2.pgdg90+1)
-- Dumped by pg_dump version 14.15

SET statement_timeout = 0;
SET lock_timeout = 0;
SET idle_in_transaction_session_timeout = 0;
SET client_encoding = 'UTF8';
SET standard_conforming_strings = on;
SELECT pg_catalog.set_config('search_path', '', false);
SET check_function_bodies = false;
SET xmloption = content;
SET client_min_messages = warning;
SET row_security = off;

SET default_tablespace = '';

--
-- Name: job; Type: TABLE; Schema: public; Owner: postgres
--

CREATE TABLE public.job (
    id bigint NOT NULL,
    description text,
    job_page_url character varying(255) NOT NULL,
    labor_function character varying(255) NOT NULL,
    location character varying(255) NOT NULL,
    logo_url character varying(255) NOT NULL,
    position_name character varying(255) NOT NULL,
    posted_date bigint NOT NULL,
    organization_id bigint
);


ALTER TABLE public.job OWNER TO postgres;

--
-- Name: job_id_seq; Type: SEQUENCE; Schema: public; Owner: postgres
--

ALTER TABLE public.job ALTER COLUMN id ADD GENERATED BY DEFAULT AS IDENTITY (
    SEQUENCE NAME public.job_id_seq
    START WITH 1
    INCREMENT BY 1
    NO MINVALUE
    NO MAXVALUE
    CACHE 1
);


--
-- Name: job_tag; Type: TABLE; Schema: public; Owner: postgres
--

CREATE TABLE public.job_tag (
    job_id bigint NOT NULL,
    tag_id bigint NOT NULL
);


ALTER TABLE public.job_tag OWNER TO postgres;

--
-- Name: organization; Type: TABLE; Schema: public; Owner: postgres
--

CREATE TABLE public.organization (
    id bigint NOT NULL,
    title character varying(255) NOT NULL,
    url character varying(255) NOT NULL
);


ALTER TABLE public.organization OWNER TO postgres;

--
-- Name: organization_id_seq; Type: SEQUENCE; Schema: public; Owner: postgres
--

ALTER TABLE public.organization ALTER COLUMN id ADD GENERATED BY DEFAULT AS IDENTITY (
    SEQUENCE NAME public.organization_id_seq
    START WITH 1
    INCREMENT BY 1
    NO MINVALUE
    NO MAXVALUE
    CACHE 1
);


--
-- Name: tag; Type: TABLE; Schema: public; Owner: postgres
--

CREATE TABLE public.tag (
    id bigint NOT NULL,
    name character varying(255) NOT NULL
);


ALTER TABLE public.tag OWNER TO postgres;

--
-- Name: tag_id_seq; Type: SEQUENCE; Schema: public; Owner: postgres
--

ALTER TABLE public.tag ALTER COLUMN id ADD GENERATED BY DEFAULT AS IDENTITY (
    SEQUENCE NAME public.tag_id_seq
    START WITH 1
    INCREMENT BY 1
    NO MINVALUE
    NO MAXVALUE
    CACHE 1
);


--
-- Data for Name: job; Type: TABLE DATA; Schema: public; Owner: postgres
--

COPY public.job (id, description, job_page_url, labor_function, location, logo_url, position_name, posted_date, organization_id) FROM stdin;
1	Technical Product Manager at Leucine	https://wellfound.com/company/leucine-hq/jobs/3322701-technical-product-manager?utm_source=Techstars+job+board&utm_medium=getro.com&gh_src=Techstars+job+board	Software Engineering	HSR Layout, Bengaluru, Karnataka, India	https://cdn.getro.com/companies/6a27c000-a39f-5836-8db7-986b8f30830b-1749001221	Technical Product Manager	1750453200	1
2	Senior Technical Support Engineer II at Alloy	https://jobs.techstars.com/companies/alloy-2-bb488319-20df-4a72-910e-ea14dfc26a3e/jobs/53013032-senior-technical-support-engineer-ii#content	Software Engineering	New York, NY, USA	https://cdn.getro.com/companies/7bf08575-fb7c-58c4-9527-43a9cf4aa33c-1747791189	Senior Technical Support Engineer II	1750453200	2
3	Sales Manager, K12 (Mid-Market & Enterprise) at Newsela	https://jobs.techstars.com/companies/newsela/jobs/53012542-sales-manager-k12-mid-market-enterprise#content	Software Engineering	Remote	https://cdn.getro.com/companies/751af8b4-32a7-55bc-9fad-8bfbcbbf4237-1748914246	Sales Manager, K12 (Mid-Market & Enterprise)	1750453200	3
4	AI & Productivity Technology Specialist at Venteur	https://jobs.techstars.com/companies/venteur-2-4b5e19db-dc77-478e-988b-93640677c716/jobs/53011921-ai-productivity-technology-specialist#content	Software Engineering	San Francisco, CA, USA	https://cdn.getro.com/companies/1d9e1a7a-ac24-5118-bcde-1722833af9b1-1750523563	AI & Productivity Technology Specialist	1750453200	4
5	Associate Director/Director, Project Development at Wunder	https://jobs.techstars.com/companies/wunder-2-34fb3f7e-d9da-48bd-a9eb-886dacd83307/jobs/53007414-associate-director-director-project-development#content	Software Engineering	Boulder, CO, USA	https://cdn.getro.com/companies/fc940a52-ecb0-5bd4-9c97-b145e8445b1e-1750523568	Associate Director/Director, Project Development	1750453200	5
6	Senior QA Engineer - Backend at TradingView	https://jobs.techstars.com/companies/tradingview/jobs/53004859-senior-qa-engineer-backend#content	Software Engineering	Málaga, Spain	https://cdn.getro.com/companies/35a874bd-1a6a-5635-a438-9f0fd57c6f7a-1748914269	Senior QA Engineer - Backend	1750453200	6
7	Marketing Junior (w/m/d) at KptnCook	https://jobs.techstars.com/companies/kptncook/jobs/53004425-marketing-junior-w-m-d#content	Software Engineering		https://cdn.getro.com/companies/c4c5245a-3043-5933-80d7-4e851550e2ac-1747877645	Marketing Junior (w/m/d)	1750453200	7
8	Finance Operations Lead at Preply	https://jobs.techstars.com/companies/preply/jobs/53002796-finance-operations-lead#content	Software Engineering	London, UK	https://cdn.getro.com/companies/bd8a3585-967c-5c75-b55d-2fe6d8e2962c-1749087038	Finance Operations Lead	1750453200	8
9	Finance Systems Lead at Preply	https://jobs.techstars.com/companies/preply/jobs/53002798-finance-systems-lead#content	Software Engineering	Barcelona, Spain	https://cdn.getro.com/companies/bd8a3585-967c-5c75-b55d-2fe6d8e2962c-1749087038	Finance Systems Lead	1750453200	8
10	Pharmacy Incharge at AkashX	https://www.simplyhired.co.in/job/fSgvr-VQN8IPdN3JvLRjBi02mmX9Ip56TCNAiStqurh6oF9ngGqqlw?utm_source=Techstars+job+board&utm_medium=getro.com&gh_src=Techstars+job+board	Software Engineering	Telangana, India	https://cdn.getro.com/companies/9dc8360f-3769-5116-865e-cfe120e40573-1750522903	Pharmacy Incharge	1750453200	9
11	Implementation Support Engineer at LISNR	https://jobs.techstars.com/companies/lisnr/jobs/52998194-implementation-support-engineer#content	Software Engineering	Remote	https://cdn.getro.com/companies/0ca92156-5a51-50c8-90d3-a749d5df97d1-1748913608	Implementation Support Engineer	1750453200	10
12	Digital Content Crafter Intern at Utopia Global Wellness	https://form.jotform.com/31918190994162?job=30&utm_source=Techstars+job+board&utm_medium=getro.com&gh_src=Techstars+job+board	Software Engineering	Durham, NC, USA	https://cdn.getro.com/companies/40ec9cfb-e0e6-57a3-85f6-6e7d68ed1fc9-1750523366	Digital Content Crafter Intern	1750453200	11
13	Social Media Strategist at Utopia Global Wellness	https://form.jotform.com/31918190994162?job=29&utm_source=Techstars+job+board&utm_medium=getro.com&gh_src=Techstars+job+board	Software Engineering	Durham, NC, USA	https://cdn.getro.com/companies/40ec9cfb-e0e6-57a3-85f6-6e7d68ed1fc9-1750523366	Social Media Strategist	1750453200	11
14	Marketing/Sales at Utopia Global Wellness	https://form.jotform.com/31918190994162?job=28&utm_source=Techstars+job+board&utm_medium=getro.com&gh_src=Techstars+job+board	Software Engineering	Durham, NC, USA	https://cdn.getro.com/companies/40ec9cfb-e0e6-57a3-85f6-6e7d68ed1fc9-1750523366	Marketing/Sales	1750453200	11
15	Law-Intellectual Property at Utopia Global Wellness	https://form.jotform.com/31918190994162?job=27&utm_source=Techstars+job+board&utm_medium=getro.com&gh_src=Techstars+job+board	Software Engineering	Durham, NC, USA	https://cdn.getro.com/companies/40ec9cfb-e0e6-57a3-85f6-6e7d68ed1fc9-1750523366	Law-Intellectual Property	1750453200	11
16	Associate Customer Success Manager at Chainalysis	https://jobs.techstars.com/companies/chainalysis/jobs/52995345-associate-customer-success-manager#content	Software Engineering	United States	https://cdn.getro.com/companies/d6d3237d-29ac-5021-8ec5-e8183e42bede-1738945153	Associate Customer Success Manager	1750453200	12
17	Intern Team Lead/Manager at Utopia Global Wellness	https://form.jotform.com/31918190994162?job=24&utm_source=Techstars+job+board&utm_medium=getro.com&gh_src=Techstars+job+board	Software Engineering	Durham, NC, USA	https://cdn.getro.com/companies/40ec9cfb-e0e6-57a3-85f6-6e7d68ed1fc9-1750523366	Intern Team Lead/Manager	1750453200	11
18	Innovation and Entrepreneurial at Utopia Global Wellness	https://form.jotform.com/31918190994162?job=25&utm_source=Techstars+job+board&utm_medium=getro.com&gh_src=Techstars+job+board	Software Engineering	Durham, NC, USA	https://cdn.getro.com/companies/40ec9cfb-e0e6-57a3-85f6-6e7d68ed1fc9-1750523366	Innovation and Entrepreneurial	1750453200	11
19	Human Resources at Utopia Global Wellness	https://form.jotform.com/31918190994162?job=22&utm_source=Techstars+job+board&utm_medium=getro.com&gh_src=Techstars+job+board	Software Engineering	Durham, NC, USA	https://cdn.getro.com/companies/40ec9cfb-e0e6-57a3-85f6-6e7d68ed1fc9-1750523366	Human Resources	1750453200	11
20	Graphic Design at Utopia Global Wellness	https://form.jotform.com/31918190994162?job=21&utm_source=Techstars+job+board&utm_medium=getro.com&gh_src=Techstars+job+board	Software Engineering	Durham, NC, USA	https://cdn.getro.com/companies/40ec9cfb-e0e6-57a3-85f6-6e7d68ed1fc9-1750523366	Graphic Design	1750453200	11
\.


--
-- Data for Name: job_tag; Type: TABLE DATA; Schema: public; Owner: postgres
--

COPY public.job_tag (job_id, tag_id) FROM stdin;
1	1
1	2
1	3
1	4
2	5
2	6
2	7
2	8
3	6
3	7
3	9
3	10
4	2
4	3
4	4
4	5
5	10
5	11
5	12
6	6
6	7
6	8
7	13
7	14
7	15
8	17
8	4
8	16
9	17
9	4
9	16
10	12
11	4
11	14
12	18
12	19
12	12
13	18
13	19
13	12
14	18
14	19
14	12
15	18
15	19
15	12
16	20
16	5
16	6
17	18
17	19
17	12
18	18
18	19
18	12
19	18
19	19
19	12
20	18
20	19
20	12
\.


--
-- Data for Name: organization; Type: TABLE DATA; Schema: public; Owner: postgres
--

COPY public.organization (id, title, url) FROM stdin;
1	Leucine	https://jobs.techstars.com/companies/leucine#content
2	Alloy	https://jobs.techstars.com/companies/alloy-2-bb488319-20df-4a72-910e-ea14dfc26a3e#content
3	Newsela	https://jobs.techstars.com/companies/newsela#content
4	Venteur	https://jobs.techstars.com/companies/venteur-2-4b5e19db-dc77-478e-988b-93640677c716#content
5	Wunder	https://jobs.techstars.com/companies/wunder-2-34fb3f7e-d9da-48bd-a9eb-886dacd83307#content
6	TradingView	https://jobs.techstars.com/companies/tradingview#content
7	KptnCook	https://jobs.techstars.com/companies/kptncook#content
8	Preply	https://jobs.techstars.com/companies/preply#content
9	AkashX	https://jobs.techstars.com/companies/akashx#content
10	LISNR	https://jobs.techstars.com/companies/lisnr#content
11	Utopia Global Wellness	https://jobs.techstars.com/companies/utopia-global-wellness-2#content
12	Chainalysis	https://jobs.techstars.com/companies/chainalysis#content
\.


--
-- Data for Name: tag; Type: TABLE DATA; Schema: public; Owner: postgres
--

COPY public.tag (id, name) FROM stdin;
1	Pharmaceuticals
2	51 - 200 employees
3	Series A
4	Mid-Senior Level
5	Finance
6	201 - 1000 employees
7	Series C+
8	Senior
9	Education, Software
10	Director
11	Consumer Products
12	1 - 10 employees
13	Food
14	11 - 50 employees
15	Entry Level
16	Internet Services
17	5001+ employees
18	Health
19	Health, Wellness and Fitness
20	Associate
\.


--
-- Name: job_id_seq; Type: SEQUENCE SET; Schema: public; Owner: postgres
--

SELECT pg_catalog.setval('public.job_id_seq', 20, true);


--
-- Name: organization_id_seq; Type: SEQUENCE SET; Schema: public; Owner: postgres
--

SELECT pg_catalog.setval('public.organization_id_seq', 12, true);


--
-- Name: tag_id_seq; Type: SEQUENCE SET; Schema: public; Owner: postgres
--

SELECT pg_catalog.setval('public.tag_id_seq', 20, true);


--
-- Name: job job_pkey; Type: CONSTRAINT; Schema: public; Owner: postgres
--

ALTER TABLE ONLY public.job
    ADD CONSTRAINT job_pkey PRIMARY KEY (id);


--
-- Name: job_tag job_tag_pkey; Type: CONSTRAINT; Schema: public; Owner: postgres
--

ALTER TABLE ONLY public.job_tag
    ADD CONSTRAINT job_tag_pkey PRIMARY KEY (job_id, tag_id);


--
-- Name: organization organization_pkey; Type: CONSTRAINT; Schema: public; Owner: postgres
--

ALTER TABLE ONLY public.organization
    ADD CONSTRAINT organization_pkey PRIMARY KEY (id);


--
-- Name: tag tag_pkey; Type: CONSTRAINT; Schema: public; Owner: postgres
--

ALTER TABLE ONLY public.tag
    ADD CONSTRAINT tag_pkey PRIMARY KEY (id);


--
-- Name: tag uk1wdpsed5kna2y38hnbgrnhi5b; Type: CONSTRAINT; Schema: public; Owner: postgres
--

ALTER TABLE ONLY public.tag
    ADD CONSTRAINT uk1wdpsed5kna2y38hnbgrnhi5b UNIQUE (name);


--
-- Name: job_tag fk29p8ktktwcn7vckxidib9rytx; Type: FK CONSTRAINT; Schema: public; Owner: postgres
--

ALTER TABLE ONLY public.job_tag
    ADD CONSTRAINT fk29p8ktktwcn7vckxidib9rytx FOREIGN KEY (tag_id) REFERENCES public.tag(id);


--
-- Name: job fk441ngnxagxwteij3weo5s4l6q; Type: FK CONSTRAINT; Schema: public; Owner: postgres
--

ALTER TABLE ONLY public.job
    ADD CONSTRAINT fk441ngnxagxwteij3weo5s4l6q FOREIGN KEY (organization_id) REFERENCES public.organization(id);


--
-- Name: job_tag fkf5nh7a1gtxg2edsspppoqxigd; Type: FK CONSTRAINT; Schema: public; Owner: postgres
--

ALTER TABLE ONLY public.job_tag
    ADD CONSTRAINT fkf5nh7a1gtxg2edsspppoqxigd FOREIGN KEY (job_id) REFERENCES public.job(id);


--
-- PostgreSQL database dump complete
--

